emoji,compound_name,formula,category,hint
🧪,Acetic Acid,CH₃COOH,0,"Carboxylic acid, pKa=4.76"
🍷,Ethanol,CH₃CH₂OH,1,"Primary alcohol"
🧈,Acetone,CH₃COCH₃,3,"Ketone, common solvent"
🐟,Methylamine,CH₃NH₂,4,"Fishy odor, weak base"
🛢️,Benzene,C₆H₆,5,"Aromatic, resonance stabilized"
🍋,Citric Acid,C₆H₈O₇,0,"Triprotic acid in citrus"
🧂,Sodium Chloride,NaCl,6,"Ionic compound, electrolyte"
⚡,Sulfuric Acid,H₂SO₄,0,"Strong diprotic acid"
🧫,Glucose,C₆H₁₂O₆,2,"Aldohexose, blood sugar"
💊,Dopamine,C₈H₁₁NO₂,1,"Catecholamine neurotransmitter"
